<?xml version="1.0" encoding="UTF-8"?>
<databaseChangeLog
  xmlns="http://www.liquibase.org/xml/ns/dbchangelog"
  xmlns:xsi="http://www.w3.org/2001/XMLSchema-instance"
  xsi:schemaLocation="http://www.liquibase.org/xml/ns/dbchangelog
                      http://www.liquibase.org/xml/ns/dbchangelog/dbchangelog-3.4.xsd">

  <changeSet author="author" id="changelog-3.3">

    <dropDefaultValue tableName="user" columnName="salt" />

    <addDefaultValue tableName="server" columnName="registration" defaultValueBoolean="true" />

    <addColumn tableName="server">
      <column name="readonly" type="BOOLEAN" defaultValueBoolean="false">
        <constraints nullable="false" />
      </column>
    </addColumn>

    <dropTable tableName="traccar" />

    <renameTable oldTableName="user" newTableName="users" />
    <renameTable oldTableName="device" newTableName="devices" />
    <renameTable oldTableName="position" newTableName="positions" />

    <dropColumn tableName="user_device" columnName="read" />
    <dropColumn tableName="user_device" columnName="write" />

  </changeSet>
</databaseChangeLog>
